team,season,Winning,Passing,Rushing,Pass_Def,Rush_Def,Takeaway,Turnovers
Bears,1989,6,9.1,12.2,6.3,5.4,11.5,12.6
Bears,1990,11,7.1,13.2,12.3,7.4,13.5,8.6
Bears,1991,11,9.1,11.2,12.3,7.4,9.5,10.6
Bears,1992,5,9.1,10.2,12.3,5.4,9.5,10.6
Bears,1993,7,6.1,9.2,15.3,7.4,9.5,8.6
Bears,1994,9,9.1,9.2,11.3,5.4,6.5,8.6
Bears,1995,9,11.1,11.2,5.3,8.4,8.5,8.6
Bears,1996,7,9.1,9.2,10.3,7.4,8.5,8.6
Bears,1997,4,10.1,10.2,12.3,6.4,8.5,12.6
Bears,1998,4,9.1,9.2,10.3,6.4,8.5,10.6
Bears,1999,6,12.1,7.2,6.3,6.4,10.5,11.6
Bears,2000,5,8.1,9.2,9.3,6.4,6.5,8.6
Bears,2001,12,8.1,9.2,9.3,10.4,10.5,7.6
Bears,2002,4,9.1,7.2,8.3,4.4,8.5,10.6
Bears,2003,7,8.1,10.2,11.3,6.4,6.5,8.6
Bears,2004,5,6.1,9.2,10.3,4.4,8.5,11.6
Bears,2005,11,6.1,11.2,13.3,7.4,10.5,8.6
Bears,2006,13,10.1,10.2,11.3,7.4,13.5,10.6
Bears,2007,7,10.1,7.2,7.3,5.4,9.5,10.6
Bears,2008,9,9.1,9.2,6.3,8.4,9.5,8.6
Bears,2009,7,10.1,8.2,9.3,5.4,8.5,10.6
Bears,2010,11,9.1,9.2,8.3,8.4,10.5,9.6
Bears,2011,8,9.1,11.2,5.3,8.4,9.5,8.6
Bears,2012,10,9.1,11.2,9.3,7.4,13.5,7.6
Bears,2013,8,13.1,10.2,7.3,1.4,8.5,7.6
Bears,2014,5,11.1,8.2,4.3,6.4,7.5,8.6
Bears,2015,6,11.1,10.2,8.3,5.4,5.5,6.6
Bears,2016,3,12.1,9.2,8.3,5.4,3.5,9.6
Bears,2017,5,8.1,10.2,9.3,6.4,6.5,6.6
Bengals,1989,8,11.1,14.2,11.3,4.4,11.5,9.6
Bengals,1990,9,9.1,12.2,9.3,4.4,9.5,10.6
Bengals,1991,3,9.1,10.2,5.3,7.4,9.5,12.6
Bengals,1992,5,6.1,11.2,10.3,5.4,9.5,8.6
Bengals,1993,3,7.1,8.2,15.3,4.4,7.5,6.6
Bengals,1994,3,10.1,8.2,10.3,5.4,5.5,12.6
Bengals,1995,7,11.1,8.2,4.3,4.4,7.5,9.6
Bengals,1996,8,10.1,10.2,6.3,7.4,13.5,7.6
Bengals,1997,7,10.1,11.2,9.3,3.4,7.5,6.6
Bengals,1998,3,9.1,9.2,11.3,1.4,6.5,6.6
Bengals,1999,4,9.1,11.2,7.3,7.4,8.5,9.6
Bengals,2000,4,6.1,13.2,8.3,5.4,6.5,10.6
Bengals,2001,5,8.1,9.2,13.3,7.4,7.5,10.6
Bengals,2002,2,10.1,9.2,10.3,5.4,6.5,10.6
Bengals,2003,8,10.1,11.2,9.3,3.4,7.5,6.6
Bengals,2004,8,10.1,10.2,10.3,4.4,10.5,9.6
Bengals,2005,11,11.1,10.2,8.3,6.4,13.5,6.6
Bengals,2006,8,11.1,9.2,7.3,6.4,9.5,7.6
Bengals,2007,7,12.1,8.2,7.3,5.4,10.5,9.6
Bengals,2008,4,7.1,8.2,10.3,5.4,7.5,8.6
Bengals,2009,10,8.1,11.2,10.3,7.4,7.5,7.6
Bengals,2010,4,11.1,8.2,9.3,6.4,7.5,10.6
Bengals,2011,9,10.1,10.2,9.3,7.4,6.5,6.6
Bengals,2012,10,11.1,9.2,9.3,7.4,9.5,8.6
Bengals,2013,11,12.1,10.2,10.3,8.4,9.5,9.6
Bengals,2014,10,10.1,12.2,6.3,6.4,7.5,8.6
Bengals,2015,12,12.1,10.2,5.3,8.4,8.5,5.6
Bengals,2016,6,12.1,10.2,7.3,6.4,6.5,5.6
Bengals,2017,7,9.1,7.2,9.3,5.4,4.5,7.6
Bills,1989,9,11.1,12.2,11.3,6.4,10.5,12.6
Bills,1990,13,9.1,11.2,13.3,6.4,10.5,6.6
Bills,1991,13,11.1,13.2,9.3,5.4,11.5,10.6
Bills,1992,11,10.1,13.2,11.3,9.4,10.5,11.6
Bills,1993,11,9.1,10.2,10.3,6.4,12.5,10.6
Bills,1994,7,10.1,10.2,8.3,8.4,8.5,9.6
Bills,1995,10,9.1,11.2,9.3,7.4,8.5,8.6
Bills,1996,10,9.1,10.2,12.3,7.4,8.5,10.6
Bills,1997,6,8.1,10.2,12.3,6.4,6.5,13.6
Bills,1998,10,10.1,12.2,11.3,8.4,9.5,6.6
Bills,1999,11,10.1,11.2,14.3,9.4,6.5,8.6
Bills,2000,8,11.1,10.2,13.3,8.4,8.5,6.6
Bills,2001,3,10.1,9.2,12.3,5.4,5.5,9.6
Bills,2002,8,12.1,9.2,12.3,4.4,5.5,9.6
Bills,2003,6,8.1,9.2,14.3,7.4,5.5,10.6
Bills,2004,9,8.1,10.2,14.3,7.4,11.5,8.6
Bills,2005,5,7.1,9.2,10.3,4.4,9.5,8.6
Bills,2006,7,8.1,8.2,12.3,3.4,7.5,8.6
Bills,2007,7,8.1,10.2,7.3,5.4,9.5,6.6
Bills,2008,7,9.1,10.2,10.3,5.4,6.5,9.6
Bills,2009,6,7.1,10.2,12.3,2.4,9.5,9.6
Bills,2010,4,9.1,9.2,12.3,0.4,6.5,11.6
Bills,2011,6,11.1,10.2,7.3,3.4,9.5,9.6
Bills,2012,6,10.1,12.2,9.3,3.4,6.5,10.6
Bills,2013,6,9.1,13.2,10.3,4.4,9.5,8.6
Bills,2014,9,11.1,8.2,10.3,7.4,9.5,7.6
Bills,2015,8,10.1,13.2,5.3,7.4,7.5,6.6
Bills,2016,7,9.1,14.2,8.3,4.4,5.5,3.6
Bills,2017,9,8.1,11.2,7.3,5.4,7.5,5.6
Broncos,1989,11,9.1,11.2,13.3,7.4,12.5,9.6
Broncos,1990,5,10.1,10.2,9.3,5.4,7.5,9.6
Broncos,1991,12,9.1,11.2,14.3,6.4,9.5,7.6
Broncos,1992,8,9.1,8.2,11.3,5.4,9.5,13.6
Broncos,1993,9,10.1,9.2,9.3,9.4,9.5,8.6
Broncos,1994,7,12.1,8.2,4.3,6.4,7.5,9.6
Broncos,1995,8,12.1,11.2,10.3,5.4,6.5,9.6
Broncos,1996,13,10.1,13.2,11.3,9.4,9.5,9.6
Broncos,1997,12,10.1,13.2,13.3,6.4,9.5,6.6
Broncos,1998,14,11.1,13.2,8.3,9.4,9.5,6.6
Broncos,1999,6,10.1,10.2,12.3,6.4,7.5,8.6
Broncos,2000,11,12.1,13.2,6.3,7.4,13.5,7.6
Broncos,2001,8,8.1,10.2,11.3,9.4,10.5,7.6
Broncos,2002,9,11.1,12.2,10.3,8.4,6.5,8.6
Broncos,2003,10,9.1,14.2,13.3,7.4,6.5,7.6
Broncos,2004,10,12.1,13.2,12.3,8.4,6.5,8.6
Broncos,2005,13,9.1,14.2,8.3,9.4,10.5,5.6
Broncos,2006,9,8.1,12.2,9.3,6.4,9.5,9.6
Broncos,2007,7,11.1,11.2,11.3,3.4,9.5,8.6
Broncos,2008,8,13.1,10.2,8.3,3.4,4.5,9.6
Broncos,2009,8,11.1,10.2,12.3,4.4,9.5,7.6
Broncos,2010,4,12.1,8.2,7.3,2.4,5.5,8.6
Broncos,2011,8,7.1,14.2,7.3,5.4,5.5,9.6
Broncos,2012,13,13.1,10.2,11.3,8.4,7.5,7.6
Broncos,2013,13,16.1,10.2,5.3,7.4,7.5,8.6
Broncos,2014,12,14.1,10.2,8.3,9.4,7.5,6.6
Broncos,2015,12,12.1,9.2,11.3,9.4,8.5,9.6
Broncos,2016,9,11.1,8.2,12.3,4.4,8.5,7.6
Broncos,2017,5,10.1,10.2,11.3,8.4,5.5,10.6
Browns,1989,9,10.1,9.2,11.3,7.4,11.5,9.6
Browns,1990,3,9.1,7.2,11.3,4.4,6.5,13.6
Browns,1991,6,10.1,7.2,11.3,6.4,9.5,5.6
Browns,1992,7,8.1,9.2,11.3,7.4,9.5,8.6
Browns,1993,7,8.1,9.2,12.3,8.4,6.5,10.6
Browns,1994,11,9.1,9.2,11.3,7.4,9.5,10.6
Browns,1995,5,10.1,8.2,6.3,6.4,7.5,9.6
Browns,1996,0,0.1,0.2,0.3,0.4,0.5,0.6
Browns,1997,0,0.1,0.2,0.3,0.4,0.5,0.6
Browns,1998,0,0.1,0.2,0.3,0.4,0.5,0.6
Browns,1999,2,8.1,6.2,10.3,0.4,6.5,9.6
Browns,2000,3,7.1,6.2,11.3,2.4,7.5,8.6
Browns,2001,7,8.1,7.2,12.3,5.4,11.5,9.6
Browns,2002,9,10.1,9.2,10.3,4.4,8.5,9.6
Browns,2003,5,8.1,9.2,13.3,4.4,6.5,10.6
Browns,2004,4,8.1,9.2,13.3,3.4,8.5,12.6
Browns,2005,6,9.1,8.2,13.3,4.4,7.5,9.6
Browns,2006,4,9.1,7.2,10.3,3.4,8.5,12.6
Browns,2007,10,11.1,10.2,7.3,4.4,8.5,8.6
Browns,2008,4,7.1,9.2,10.3,2.4,9.5,8.6
Browns,2009,5,6.1,11.2,6.3,3.4,5.5,9.6
Browns,2010,5,9.1,9.2,8.3,4.4,8.5,8.6
Browns,2011,4,9.1,8.2,12.3,3.4,6.5,6.6
Browns,2012,5,10.1,9.2,6.3,5.4,8.5,8.6
Browns,2013,4,12.1,8.2,8.3,6.4,6.5,8.6
Browns,2014,7,10.1,9.2,8.3,3.4,8.5,7.6
Browns,2015,3,11.1,8.2,5.3,4.4,6.5,9.6
Browns,2016,1,10.1,9.2,5.3,3.4,4.5,7.6
Browns,2017,0,9.1,9.2,7.3,8.4,4.5,12.6
Buccaneers,1989,5,10.1,8.2,9.3,5.4,11.5,11.6
Buccaneers,1990,6,8.1,9.2,10.3,3.4,12.5,13.6
Buccaneers,1991,3,8.1,8.2,13.3,4.4,8.5,14.6
Buccaneers,1992,5,9.1,9.2,9.3,7.4,9.5,8.6
Buccaneers,1993,5,8.1,7.2,12.3,5.4,6.5,10.6
Buccaneers,1994,6,10.1,8.2,10.3,5.4,6.5,7.6
Buccaneers,1995,7,9.1,9.2,6.3,6.4,8.5,10.6
Buccaneers,1996,6,8.1,9.2,13.3,5.4,8.5,10.6
Buccaneers,1997,10,7.1,11.2,12.3,7.4,7.5,7.6
Buccaneers,1998,8,8.1,12.2,14.3,7.4,7.5,9.6
Buccaneers,1999,11,7.1,10.2,13.3,9.4,9.5,10.6
Buccaneers,2000,10,8.1,11.2,11.3,7.4,12.5,7.6
Buccaneers,2001,9,9.1,7.2,14.3,7.4,11.5,6.6
Buccaneers,2002,12,10.1,8.2,15.3,8.4,11.5,6.6
Buccaneers,2003,7,11.1,9.2,14.3,6.4,9.5,9.6
Buccaneers,2004,5,10.1,8.2,15.3,5.4,8.5,10.6
Buccaneers,2005,11,8.1,10.2,12.3,8.4,9.5,7.6
Buccaneers,2006,4,8.1,8.2,10.3,5.4,6.5,9.6
Buccaneers,2007,9,10.1,10.2,14.3,7.4,10.5,6.6
Buccaneers,2008,9,11.1,10.2,12.3,5.4,9.5,8.6
Buccaneers,2009,3,9.1,9.2,10.3,1.4,8.5,10.6
Buccaneers,2010,10,10.1,11.2,11.3,4.4,8.5,6.6
Buccaneers,2011,4,11.1,8.2,7.3,2.4,7.5,12.6
Buccaneers,2012,7,12.1,10.2,0.3,9.4,7.5,7.6
Buccaneers,2013,4,8.1,9.2,7.3,6.4,9.5,6.6
Buccaneers,2014,2,10.1,7.2,5.3,6.4,7.5,10.6
Buccaneers,2015,6,11.1,12.2,6.3,7.4,7.5,8.6
Buccaneers,2016,9,12.1,9.2,5.3,6.4,8.5,8.6
Buccaneers,2017,5,13.1,8.2,4.3,6.4,7.5,8.6
Cardinals,1989,5,10.1,7.2,8.3,3.4,7.5,13.6
Cardinals,1990,5,8.1,10.2,13.3,3.4,8.5,9.6
Cardinals,1991,4,8.1,7.2,13.3,4.4,11.5,11.6
Cardinals,1992,4,9.1,8.2,9.3,7.4,8.5,12.6
Cardinals,1993,6,9.1,9.2,11.3,6.4,6.5,9.6
Cardinals,1994,8,9.1,8.2,12.3,9.4,11.5,8.6
Cardinals,1995,4,10.1,7.2,9.3,3.4,12.5,12.6
Cardinals,1996,7,11.1,8.2,9.3,6.4,8.5,10.6
Cardinals,1997,4,10.1,7.2,10.3,4.4,6.5,12.6
Cardinals,1998,9,10.1,9.2,10.3,5.4,11.5,11.6
Cardinals,1999,6,8.1,7.2,11.3,3.4,8.5,11.6
Cardinals,2000,3,10.1,7.2,11.3,1.4,6.5,13.6
Cardinals,2001,7,10.1,8.2,9.3,5.4,7.5,8.6
Cardinals,2002,5,8.1,10.2,6.3,4.4,7.5,10.6
Cardinals,2003,4,9.1,8.2,8.3,5.4,7.5,10.6
Cardinals,2004,6,8.1,9.2,12.3,4.4,9.5,8.6
Cardinals,2005,5,13.1,6.2,11.3,7.4,7.5,11.6
Cardinals,2006,5,11.1,7.2,7.3,5.4,9.5,9.6
Cardinals,2007,8,12.1,8.2,7.3,8.4,8.5,10.6
Cardinals,2008,9,14.1,6.2,8.3,6.4,9.5,9.6
Cardinals,2009,10,12.1,8.2,7.3,6.4,8.5,10.6
Cardinals,2010,5,9.1,8.2,8.3,3.4,9.5,10.6
Cardinals,2011,8,10.1,9.2,7.3,5.4,5.5,9.6
Cardinals,2012,5,9.1,7.2,11.3,4.4,9.5,10.6
Cardinals,2013,10,12.1,8.2,7.3,9.4,9.5,9.6
Cardinals,2014,11,11.1,7.2,4.3,6.4,7.5,5.6
Cardinals,2015,13,14.1,10.2,7.3,8.4,9.5,7.6
Cardinals,2016,7,12.1,9.2,10.3,8.4,8.5,8.6
Cardinals,2017,8,11.1,8.2,8.3,8.4,6.5,7.6
Chargers,1989,6,9.1,10.2,12.3,6.4,11.5,10.6
Chargers,1990,6,8.1,12.2,13.3,8.4,9.5,9.6
Chargers,1991,4,8.1,12.2,9.3,7.4,8.5,8.6
Chargers,1992,11,10.1,10.2,13.3,9.4,10.5,10.6
Chargers,1993,7,8.1,9.2,9.3,10.4,9.5,6.6
Chargers,1994,11,10.1,10.2,8.3,9.4,9.5,7.6
Chargers,1995,9,10.1,10.2,9.3,7.4,7.5,9.6
Chargers,1996,8,10.1,7.2,7.3,6.4,10.5,9.6
Chargers,1997,4,9.1,8.2,9.3,7.4,7.5,10.6
Chargers,1998,5,8.1,9.2,12.3,10.4,8.5,15.6
Chargers,1999,8,10.1,7.2,8.3,9.4,8.5,10.6
Chargers,2000,1,10.1,6.2,8.3,8.4,6.5,15.6
Chargers,2001,5,10.1,9.2,9.3,8.4,9.5,8.6
Chargers,2002,8,9.1,12.2,3.3,6.4,8.5,7.6
Chargers,2003,4,9.1,12.2,9.3,3.4,6.5,9.6
Chargers,2004,12,10.1,12.2,5.3,9.4,9.5,5.6
Chargers,2005,9,10.1,11.2,8.3,9.4,6.5,8.6
Chargers,2006,14,10.1,14.2,11.3,7.4,8.5,4.6
Chargers,2007,11,9.1,11.2,9.3,7.4,14.5,7.6
Chargers,2008,8,11.1,9.2,6.3,7.4,7.5,6.6
Chargers,2009,13,13.1,8.2,10.3,6.4,7.5,5.6
Chargers,2010,9,13.1,10.2,13.3,8.4,7.5,8.6
Chargers,2011,8,13.1,10.2,8.3,5.4,6.5,8.6
Chargers,2012,7,10.1,8.2,7.3,8.4,8.5,8.6
Chargers,2013,9,13.1,11.2,4.3,7.4,5.5,6.6
Chargers,2014,9,12.1,7.2,9.3,5.4,5.5,7.6
Chargers,2015,4,13.1,7.2,7.3,5.4,6.5,7.6
Chargers,2016,5,12.1,8.2,5.3,8.4,8.5,10.6
Chargers,2017,9,13.1,9.2,11.3,4.4,8.5,4.6
Chiefs,1989,9,9.1,12.2,15.3,6.4,9.5,12.6
Chiefs,1990,11,10.1,11.2,10.3,7.4,13.5,6.6
Chiefs,1991,10,9.1,12.2,10.3,6.4,9.5,6.6
Chiefs,1992,10,8.1,8.2,15.3,6.4,11.5,6.6
Chiefs,1993,10,9.1,8.2,12.3,8.4,10.5,8.6
Chiefs,1994,9,12.1,9.2,10.3,6.4,11.5,7.6
Chiefs,1995,13,9.1,12.2,11.3,9.4,9.5,6.6
Chiefs,1996,9,8.1,11.2,8.3,7.4,8.5,7.6
Chiefs,1997,13,9.1,12.2,10.3,7.4,10.5,6.6
Chiefs,1998,7,10.1,8.2,12.3,6.4,9.5,9.6
Chiefs,1999,9,10.1,11.2,9.3,8.4,13.5,7.6
Chiefs,2000,7,12.1,8.2,9.3,6.4,8.5,8.6
Chiefs,2001,6,10.1,10.2,12.3,5.4,7.5,9.6
Chiefs,2002,8,11.1,13.2,4.3,4.4,9.5,4.6
Chiefs,2003,13,12.1,11.2,10.3,3.4,11.5,5.6
Chiefs,2004,7,13.1,12.2,4.3,6.4,6.5,8.6
Chiefs,2005,10,11.1,13.2,7.3,7.4,9.5,7.6
Chiefs,2006,9,9.1,12.2,10.3,5.4,9.5,8.6
Chiefs,2007,4,9.1,7.2,12.3,4.4,6.5,10.6
Chiefs,2008,2,9.1,10.2,7.3,1.4,8.5,7.6
Chiefs,2009,4,9.1,10.2,7.3,2.4,8.5,8.6
Chiefs,2010,10,9.1,14.2,9.3,6.4,7.5,4.6
Chiefs,2011,7,9.1,10.2,11.3,4.4,7.5,8.6
Chiefs,2012,2,8.1,13.2,8.3,4.4,4.5,11.6
Chiefs,2013,11,10.1,11.2,6.3,5.4,10.5,5.6
Chiefs,2014,9,9.1,10.2,10.3,5.4,4.5,5.6
Chiefs,2015,11,10.1,11.2,7.3,7.4,8.5,4.6
Chiefs,2016,12,11.1,10.2,6.3,5.4,9.5,5.6
Chiefs,2017,10,12.1,10.2,6.3,5.4,7.5,3.6
Colts,1989,8,9.1,10.2,8.3,4.4,11.5,8.6
Colts,1990,7,8.1,7.2,9.3,3.4,7.5,9.6
Colts,1991,1,8.1,6.2,13.3,3.4,8.5,9.6
Colts,1992,9,10.1,6.2,13.3,4.4,10.5,11.6
Colts,1993,4,9.1,6.2,12.3,2.4,6.5,9.6
Colts,1994,8,7.1,11.2,8.3,7.4,8.5,9.6
Colts,1995,9,9.1,10.2,8.3,8.4,7.5,6.6
Colts,1996,9,10.1,8.2,8.3,6.4,7.5,8.6
Colts,1997,3,9.1,9.2,13.3,5.4,7.5,8.6
Colts,1998,3,11.1,8.2,10.3,1.4,5.5,10.6
Colts,1999,13,12.1,9.2,9.3,7.4,6.5,8.6
Colts,2000,10,13.1,10.2,9.3,5.4,6.5,9.6
Colts,2001,5,11.1,10.2,9.3,5.4,6.5,11.6
Colts,2002,10,12.1,8.2,13.3,5.4,8.5,9.6
Colts,2003,12,12.1,9.2,13.3,5.4,9.5,6.6
Colts,2004,12,14.1,10.2,6.3,5.4,10.5,5.6
Colts,2005,14,12.1,9.2,11.3,6.4,9.5,6.6
Colts,2006,12,13.1,10.2,15.3,0.4,7.5,6.6
Colts,2007,13,12.1,9.2,14.3,7.4,11.5,6.6
Colts,2008,12,12.1,7.2,12.3,5.4,7.5,5.6
Colts,2009,14,13.1,7.2,9.3,5.4,7.5,7.6
Colts,2010,10,14.1,8.2,9.3,5.4,6.5,7.6
Colts,2011,2,9.1,9.2,8.3,3.4,5.5,8.6
Colts,2012,11,12.1,9.2,7.3,4.4,4.5,8.6
Colts,2013,11,11.1,9.2,7.3,5.4,8.5,4.6
Colts,2014,11,14.1,9.2,7.3,6.4,7.5,9.6
Colts,2015,8,11.1,8.2,5.3,5.4,7.5,9.6
Colts,2016,8,12.1,9.2,4.3,5.4,5.5,6.6
Colts,2017,4,8.1,9.2,6.3,5.4,6.5,4.6
Cowboys,1989,1,8.1,8.2,8.3,5.4,4.5,12.6
Cowboys,1990,7,8.1,8.2,14.3,5.4,9.5,10.6
Cowboys,1991,11,10.1,9.2,9.3,7.4,7.5,7.6
Cowboys,1992,13,10.1,12.2,14.3,10.4,9.5,7.6
Cowboys,1993,11,10.1,11.2,12.3,8.4,8.5,6.6
Cowboys,1994,12,10.1,11.2,14.3,8.4,9.5,7.6
Cowboys,1995,12,11.1,12.2,10.3,6.4,7.5,6.6
Cowboys,1996,10,9.1,9.2,13.3,7.4,9.5,8.6
Cowboys,1997,6,9.1,9.2,15.3,5.4,5.5,7.6
Cowboys,1998,10,10.1,11.2,8.3,7.4,7.5,4.6
Cowboys,1999,8,9.1,11.2,9.3,8.4,9.5,7.6
Cowboys,2000,5,7.1,11.2,14.3,1.4,7.5,11.6
Cowboys,2001,5,6.1,11.2,14.3,7.4,7.5,10.6
Cowboys,2002,5,8.1,10.2,9.3,6.4,9.5,10.6
Cowboys,2003,10,9.1,11.2,14.3,8.4,7.5,8.6
Cowboys,2004,6,10.1,10.2,9.3,6.4,6.5,11.6
Cowboys,2005,9,10.1,10.2,11.3,6.4,7.5,9.6
Cowboys,2006,9,11.1,11.2,9.3,7.4,9.5,9.6
Cowboys,2007,13,12.1,9.2,9.3,8.4,8.5,7.6
Cowboys,2008,9,11.1,9.2,12.3,7.4,6.5,10.6
Cowboys,2009,11,13.1,11.2,8.3,8.4,6.5,6.6
Cowboys,2010,6,12.1,10.2,6.3,6.4,9.5,9.6
Cowboys,2011,8,12.1,10.2,6.3,7.4,7.5,6.6
Cowboys,2012,8,14.1,7.2,7.3,5.4,5.5,8.6
Cowboys,2013,8,12.1,8.2,1.3,4.4,8.5,6.6
Cowboys,2014,12,11.1,13.2,5.3,7.4,9.5,7.6
Cowboys,2015,4,10.1,10.2,8.3,5.4,3.5,10.6
Cowboys,2016,13,11.1,13.2,4.3,9.4,6.5,4.6
Cowboys,2017,9,9.1,12.2,9.3,7.4,6.5,6.6
Dolphins,1989,8,12.1,7.2,8.3,4.4,7.5,12.6
Dolphins,1990,12,10.1,8.2,14.3,6.4,8.5,8.6
Dolphins,1991,8,11.1,7.2,11.3,3.4,6.5,8.6
Dolphins,1992,11,12.1,8.2,12.3,7.4,9.5,10.6
Dolphins,1993,9,12.1,7.2,11.3,7.4,7.5,10.6
Dolphins,1994,10,13.1,9.2,7.3,8.4,9.5,9.6
Dolphins,1995,9,12.1,8.2,8.3,7.4,9.5,9.6
Dolphins,1996,8,10.1,9.2,8.3,8.4,10.5,7.6
Dolphins,1997,9,11.1,7.2,8.3,6.4,8.5,6.6
Dolphins,1998,10,10.1,8.2,12.3,8.4,10.5,8.6
Dolphins,1999,9,10.1,8.2,12.3,8.4,8.5,10.6
Dolphins,2000,11,8.1,10.2,13.3,6.4,12.5,8.6
Dolphins,2001,10,9.1,8.2,15.3,6.4,7.5,11.6
Dolphins,2002,9,8.1,14.2,11.3,8.4,9.5,9.6
Dolphins,2003,10,8.1,10.2,10.3,8.4,10.5,10.6
Dolphins,2004,4,9.1,7.2,15.3,3.4,7.5,12.6
Dolphins,2005,9,10.1,10.2,10.3,6.4,9.5,9.6
Dolphins,2006,6,10.1,9.2,12.3,7.4,8.5,7.6
Dolphins,2007,1,9.1,8.2,12.3,2.4,6.5,8.6
Dolphins,2008,11,11.1,10.2,8.3,7.4,9.5,4.6
Dolphins,2009,7,9.1,12.2,7.3,6.4,6.5,8.6
Dolphins,2010,7,10.1,9.2,10.3,7.4,5.5,9.6
Dolphins,2011,6,9.1,11.2,5.3,8.4,5.5,7.6
Dolphins,2012,7,9.1,10.2,5.3,6.4,5.5,8.6
Dolphins,2013,8,10.1,8.2,7.3,5.4,7.5,8.6
Dolphins,2014,8,11.1,10.2,8.3,5.4,7.5,7.6
Dolphins,2015,6,11.1,8.2,5.3,5.4,5.5,6.6
Dolphins,2016,10,10.1,10.2,6.3,3.4,7.5,7.6
Dolphins,2017,6,10.1,8.2,8.3,6.4,4.5,8.6
Eagles,1989,11,9.1,12.2,10.3,7.4,16.5,9.6
Eagles,1990,10,9.1,14.2,9.3,10.4,9.5,8.6
Eagles,1991,10,8.1,8.2,16.3,10.4,13.5,13.6
Eagles,1992,11,8.1,13.2,13.3,8.4,11.5,8.6
Eagles,1993,7,8.1,9.2,15.3,5.4,9.5,9.6
Eagles,1994,7,10.1,10.2,11.3,7.4,10.5,7.6
Eagles,1995,10,8.1,12.2,13.3,6.4,11.5,10.6
Eagles,1996,10,11.1,10.2,12.3,8.4,9.5,9.6
Eagles,1997,7,11.1,11.2,13.3,5.4,7.5,9.6
Eagles,1998,3,7.1,10.2,14.3,2.4,5.5,8.6
Eagles,1999,5,6.1,9.2,9.3,5.4,13.5,11.6
Eagles,2000,11,9.1,10.2,12.3,6.4,9.5,9.6
Eagles,2001,10,9.1,9.2,14.3,6.4,9.5,6.6
Eagles,2002,12,10.1,12.2,11.3,7.4,11.5,7.6
Eagles,2003,12,9.1,11.2,10.3,4.4,7.5,6.6
Eagles,2004,13,12.1,9.2,11.3,5.4,8.5,6.6
Eagles,2005,6,11.1,8.2,10.3,6.4,8.5,10.6
Eagles,2006,10,12.1,11.2,12.3,4.4,8.5,7.6
Eagles,2007,8,11.1,11.2,9.3,8.4,5.5,8.6
Eagles,2008,10,11.1,9.2,13.3,8.4,8.5,8.6
Eagles,2009,11,12.1,9.2,9.3,7.4,11.5,7.6
Eagles,2010,10,11.1,13.2,9.3,6.4,10.5,7.6
Eagles,2011,8,12.1,12.2,9.3,6.4,7.5,11.6
Eagles,2012,4,11.1,10.2,9.3,5.4,4.5,11.6
Eagles,2013,10,12.1,14.2,1.3,7.4,9.5,6.6
Eagles,2014,10,13.1,11.2,4.3,6.4,8.5,11.6
Eagles,2015,7,12.1,9.2,3.3,4.4,7.5,9.6
Eagles,2016,7,11.1,10.2,6.3,7.4,7.5,6.6
Eagles,2017,13,11.1,12.2,8.3,9.4,9.5,6.6
Falcons,1989,3,10.1,6.2,8.3,2.4,9.5,7.6
Falcons,1990,5,10.1,9.2,6.3,9.4,11.5,11.6
Falcons,1991,10,10.1,9.2,10.3,5.4,10.5,10.6
Falcons,1992,6,11.1,7.2,10.3,3.4,7.5,8.6
Falcons,1993,6,10.1,8.2,10.3,7.4,7.5,11.6
Falcons,1994,7,12.1,7.2,4.3,7.4,9.5,10.6
Falcons,1995,9,12.1,8.2,2.3,8.4,8.5,6.6
Falcons,1996,3,11.1,8.2,7.3,5.4,7.5,12.6
Falcons,1997,7,9.1,9.2,9.3,7.4,8.5,7.6
Falcons,1998,14,10.1,11.2,8.3,10.4,12.5,7.6
Falcons,1999,5,10.1,7.2,11.3,4.4,5.5,10.6
Falcons,2000,4,8.1,7.2,8.3,5.4,7.5,10.6
Falcons,2001,7,9.1,9.2,8.3,6.4,8.5,7.6
Falcons,2002,10,9.1,13.2,10.3,5.4,11.5,8.6
Falcons,2003,5,7.1,11.2,7.3,3.4,9.5,9.6
Falcons,2004,11,7.1,15.2,8.3,7.4,9.5,9.6
Falcons,2005,8,8.1,14.2,11.3,4.4,8.5,8.6
Falcons,2006,7,7.1,16.2,8.3,7.4,7.5,6.6
Falcons,2007,4,10.1,8.2,8.3,5.4,8.5,7.6
Falcons,2008,11,10.1,13.2,8.3,5.4,5.5,6.6
Falcons,2009,9,10.1,10.2,6.3,7.4,8.5,7.6
Falcons,2010,13,10.1,10.2,8.3,7.4,9.5,5.6
Falcons,2011,10,12.1,10.2,7.3,8.4,8.5,6.6
Falcons,2012,13,13.1,8.2,6.3,5.4,9.5,5.6
Falcons,2013,4,12.1,7.2,6.3,4.4,6.5,8.6
Falcons,2014,6,13.1,8.2,2.3,5.4,8.5,7.6
Falcons,2015,8,13.1,9.2,6.3,7.4,7.5,9.6
Falcons,2016,11,14.1,10.2,4.3,7.4,6.5,3.6
Falcons,2017,10,12.1,10.2,9.3,7.4,5.5,5.6
Fortyniners,1989,14,13.1,11.2,10.3,9.4,11.5,7.6
Fortyniners,1990,14,12.1,9.2,12.3,9.4,9.5,9.6
Fortyniners,1991,10,12.1,10.2,12.3,8.4,8.5,9.6
Fortyniners,1992,14,11.1,13.2,10.3,8.4,8.5,6.6
Fortyniners,1993,10,12.1,11.2,13.3,7.4,8.5,8.6
Fortyniners,1994,13,12.1,10.2,9.3,9.4,10.5,7.6
Fortyniners,1995,11,14.1,8.2,10.3,11.4,10.5,8.6
Fortyniners,1996,12,11.1,10.2,11.3,8.4,10.5,7.6
Fortyniners,1997,13,9.1,11.2,14.3,9.4,12.5,6.6
Fortyniners,1998,12,13.1,14.2,7.3,7.4,9.5,9.6
Fortyniners,1999,4,10.1,11.2,4.3,7.4,6.5,9.6
Fortyniners,2000,6,12.1,10.2,6.3,6.4,6.5,6.6
Fortyniners,2001,11,9.1,11.2,10.3,8.4,8.5,5.6
Fortyniners,2002,10,10.1,12.2,9.3,7.4,8.5,5.6
Fortyniners,2003,7,10.1,12.2,10.3,7.4,11.5,7.6
Fortyniners,2004,2,9.1,8.2,9.3,5.4,6.5,12.6
Fortyniners,2005,4,6.1,9.2,2.3,6.4,7.5,10.6
Fortyniners,2006,7,8.1,12.2,8.3,5.4,8.5,9.6
Fortyniners,2007,5,7.1,8.2,8.3,5.4,6.5,10.6
Fortyniners,2008,7,10.1,9.2,9.3,7.4,5.5,10.6
Fortyniners,2009,8,9.1,9.2,8.3,8.4,9.5,7.6
Fortyniners,2010,6,10.1,9.2,7.3,8.4,6.5,7.6
Fortyniners,2011,13,9.1,11.2,7.3,10.4,11.5,3.6
Fortyniners,2012,11,10.1,14.2,11.3,8.4,7.5,5.6
Fortyniners,2013,12,9.1,12.2,8.3,8.4,9.5,5.6
Fortyniners,2014,8,9.1,12.2,8.3,7.4,8.5,6.6
Fortyniners,2015,5,10.1,8.2,4.3,5.4,3.5,5.6
Fortyniners,2016,2,9.1,11.2,6.3,1.4,6.5,7.6
Fortyniners,2017,6,12.1,9.2,7.3,6.4,6.5,7.6
Giants,1989,12,9.1,10.2,11.3,8.4,11.5,9.6
Giants,1990,13,8.1,11.2,14.3,8.4,10.5,4.6
Giants,1991,8,8.1,11.2,13.3,7.4,6.5,7.6
Giants,1992,6,7.1,11.2,12.3,5.4,7.5,7.6
Giants,1993,11,8.1,11.2,12.3,9.4,8.5,5.6
Giants,1994,9,7.1,10.2,11.3,7.4,9.5,7.6
Giants,1995,5,8.1,10.2,11.3,4.4,9.5,8.6
Giants,1996,6,7.1,9.2,10.3,6.4,10.5,10.6
Giants,1997,11,7.1,11.2,8.3,8.4,12.5,6.6
Giants,1998,8,8.1,10.2,11.3,5.4,7.5,7.6
Giants,1999,7,11.1,8.2,9.3,8.4,7.5,10.6
Giants,2000,12,10.1,11.2,9.3,10.4,9.5,7.6
Giants,2001,7,9.1,9.2,11.3,8.4,8.5,8.6
Giants,2002,10,12.1,10.2,11.3,6.4,7.5,8.6
Giants,2003,4,10.1,8.2,9.3,5.4,6.5,11.6
Giants,2004,6,8.1,10.2,12.3,4.4,8.5,7.6
Giants,2005,11,11.1,12.2,8.3,7.4,11.5,7.6
Giants,2006,8,9.1,12.2,8.3,6.4,8.5,8.6
Giants,2007,10,9.1,12.2,10.3,8.4,7.5,10.6
Giants,2008,12,9.1,14.2,11.3,8.4,6.5,4.6
Giants,2009,8,12.1,10.2,9.3,6.4,7.5,9.6
Giants,2010,10,11.1,12.2,10.3,7.4,11.5,12.6
Giants,2011,9,14.1,8.2,5.3,5.4,9.5,7.6
Giants,2012,9,11.1,10.2,5.3,4.4,10.5,6.6
Giants,2013,7,11.1,7.2,8.3,6.4,8.5,13.6
Giants,2014,6,13.1,9.2,6.3,4.4,7.5,8.6
Giants,2015,6,13.1,9.2,0.3,5.4,8.5,6.6
Giants,2016,11,11.1,8.2,5.3,8.4,7.5,8.6
Giants,2017,3,10.1,8.2,5.3,5.4,5.5,6.6
Jaguars,1989,0,0.1,0.2,0.3,0.4,0.5,0.6
Jaguars,1990,0,0.1,0.2,0.3,0.4,0.5,0.6
Jaguars,1991,0,0.1,0.2,0.3,0.4,0.5,0.6
Jaguars,1992,0,0.1,0.2,0.3,0.4,0.5,0.6
Jaguars,1993,0,0.1,0.2,0.3,0.4,0.5,0.6
Jaguars,1994,0,0.1,0.2,0.3,0.4,0.5,0.6
Jaguars,1995,4,8.1,9.2,9.3,5.4,7.5,8.6
Jaguars,1996,9,12.1,9.2,10.3,6.4,8.5,9.6
Jaguars,1997,11,11.1,9.2,9.3,6.4,8.5,6.6
Jaguars,1998,11,9.1,11.2,8.3,5.4,9.5,6.6
Jaguars,1999,14,11.1,11.2,12.3,8.4,9.5,5.6
Jaguars,2000,7,11.1,11.2,11.3,7.4,8.5,8.6
Jaguars,2001,6,9.1,8.2,10.3,8.4,7.5,7.6
Jaguars,2002,6,8.1,11.2,10.3,4.4,8.5,4.6
Jaguars,2003,5,10.1,11.2,10.3,9.4,8.5,9.6
Jaguars,2004,9,9.1,10.2,10.3,6.4,8.5,6.6
Jaguars,2005,12,9.1,11.2,12.3,7.4,8.5,5.6
Jaguars,2006,8,8.1,14.2,11.3,8.4,7.5,7.6
Jaguars,2007,11,10.1,13.2,9.3,7.4,9.5,6.6
Jaguars,2008,5,10.1,10.2,8.3,7.4,5.5,7.6
Jaguars,2009,7,10.1,11.2,7.3,6.4,7.5,7.6
Jaguars,2010,8,9.1,13.2,5.3,5.4,5.5,10.6
Jaguars,2011,5,6.1,11.2,10.3,7.4,8.5,7.6
Jaguars,2012,2,10.1,7.2,6.3,3.4,7.5,8.6
Jaguars,2013,4,10.1,7.2,6.3,4.4,6.5,8.6
Jaguars,2014,3,9.1,9.2,6.3,5.4,6.5,8.6
Jaguars,2015,5,12.1,8.2,3.3,7.4,5.5,8.6
Jaguars,2016,3,11.1,9.2,9.3,7.4,4.5,8.6
Jaguars,2017,10,11.1,12.2,14.3,6.4,9.5,7.6
Jets,1989,4,10.1,9.2,6.3,4.4,7.5,12.6
Jets,1990,6,8.1,12.2,9.3,5.4,8.5,7.6
Jets,1991,8,9.1,12.2,9.3,8.4,11.5,7.6
Jets,1992,4,8.1,10.2,12.3,5.4,11.5,11.6
Jets,1993,8,9.1,10.2,12.3,9.4,9.5,8.6
Jets,1994,6,9.1,9.2,8.3,6.4,11.5,8.6
Jets,1995,3,8.1,7.2,14.3,5.4,10.5,12.6
Jets,1996,1,11.1,9.2,10.3,4.4,7.5,14.6
Jets,1997,9,10.1,8.2,9.3,5.4,7.5,6.6
Jets,1998,12,11.1,10.2,12.3,7.4,9.5,7.6
Jets,1999,8,8.1,11.2,7.3,7.4,10.5,6.6
Jets,2000,9,12.1,8.2,12.3,6.4,10.5,12.6
Jets,2001,9,7.1,11.2,13.3,5.4,11.5,5.6
Jets,2002,9,10.1,9.2,9.3,5.4,7.5,6.6
Jets,2003,6,10.1,9.2,12.3,3.4,6.5,6.6
Jets,2004,10,9.1,13.2,10.3,8.4,9.5,5.6
Jets,2005,4,8.1,7.2,14.3,4.4,8.5,10.6
Jets,2006,10,9.1,9.2,11.3,4.4,7.5,7.6
Jets,2007,4,9.1,9.2,11.3,4.4,6.5,7.6
Jets,2008,9,10.1,11.2,7.3,8.4,9.5,9.6
Jets,2009,9,7.1,15.2,16.3,7.4,9.5,9.6
Jets,2010,11,10.1,13.2,11.3,8.4,9.5,6.6
Jets,2011,8,10.1,9.2,11.3,6.4,9.5,10.6
Jets,2012,6,8.1,10.2,12.3,4.4,7.5,11.6
Jets,2013,8,9.1,12.2,6.3,8.4,4.5,8.6
Jets,2014,4,9.1,12.2,7.3,8.4,4.5,7.6
Jets,2015,10,12.1,10.2,7.3,9.4,9.5,7.6
Jets,2016,5,10.1,10.2,6.3,7.4,4.5,10.6
Jets,2017,5,9.1,9.2,7.3,6.4,6.5,7.6
Lions,1989,7,9.1,11.2,6.3,7.4,9.5,14.6
Lions,1990,6,9.1,10.2,10.3,2.4,10.5,10.6
Lions,1991,12,8.1,11.2,10.3,6.4,11.5,9.6
Lions,1992,5,8.1,9.2,11.3,6.4,9.5,10.6
Lions,1993,9,7.1,10.2,13.3,8.4,9.5,9.6
Lions,1994,9,9.1,11.2,8.3,6.4,7.5,7.6
Lions,1995,10,13.1,10.2,7.3,6.4,10.5,7.6
Lions,1996,5,9.1,10.2,10.3,5.4,5.5,8.6
Lions,1997,9,10.1,13.2,11.3,6.4,7.5,8.6
Lions,1998,5,9.1,11.2,12.3,4.4,6.5,7.6
Lions,1999,8,11.1,7.2,7.3,8.4,9.5,6.6
Lions,2000,9,8.1,10.2,11.3,6.4,12.5,9.6
Lions,2001,1,10.1,7.2,10.3,6.4,6.5,11.6
Lions,2002,3,9.1,8.2,4.3,5.4,7.5,9.6
Lions,2003,5,9.1,7.2,8.3,6.4,8.5,8.6
Lions,2004,6,9.1,10.2,9.3,6.4,7.5,6.6
Lions,2005,5,8.1,8.2,11.3,5.4,9.5,9.6
Lions,2006,3,11.1,6.2,9.3,5.4,9.5,11.6
Lions,2007,7,11.1,7.2,4.3,5.4,10.5,10.6
Lions,2008,0,9.1,7.2,7.3,0.4,6.5,8.6
Lions,2009,2,9.1,9.2,4.3,5.4,7.5,12.6
Lions,2010,6,11.1,9.2,9.3,5.4,8.5,7.6
Lions,2011,10,14.1,8.2,6.3,4.4,10.5,7.6
Lions,2012,4,14.1,9.2,8.3,5.4,5.5,10.6
Lions,2013,7,13.1,10.2,6.3,7.4,6.5,10.6
Lions,2014,11,12.1,8.2,7.3,10.4,8.5,6.6
Lions,2015,7,12.1,7.2,7.3,6.4,5.5,7.6
Lions,2016,9,12.1,7.2,5.3,7.4,4.5,4.6
Lions,2017,9,12.1,7.2,6.3,6.4,9.5,6.6
Oilers,1989,9,10.1,10.2,8.3,7.4,11.5,9.6
Oilers,1990,9,14.1,8.2,11.3,7.4,9.5,10.6
Oilers,1991,11,14.1,7.2,11.3,8.4,11.5,12.6
Oilers,1992,10,12.1,9.2,15.3,7.4,9.5,10.6
Oilers,1993,11,11.1,9.2,9.3,10.4,12.5,13.6
Oilers,1994,2,8.1,9.2,13.3,4.4,8.5,12.6
Oilers,1995,7,10.1,9.2,11.3,8.4,11.5,11.6
Oilers,1996,8,9.1,11.2,10.3,9.4,7.5,8.6
Oilers,1997,0,0.1,0.2,0.3,0.4,0.5,0.6
Oilers,1998,0,0.1,0.2,0.3,0.4,0.5,0.6
Oilers,1999,0,0.1,0.2,0.3,0.4,0.5,0.6
Oilers,2000,0,0.1,0.2,0.3,0.4,0.5,0.6
Oilers,2001,0,0.1,0.2,0.3,0.4,0.5,0.6
Oilers,2002,0,0.1,0.2,0.3,0.4,0.5,0.6
Oilers,2003,0,0.1,0.2,0.3,0.4,0.5,0.6
Oilers,2004,0,0.1,0.2,0.3,0.4,0.5,0.6
Oilers,2005,0,0.1,0.2,0.3,0.4,0.5,0.6
Oilers,2006,0,0.1,0.2,0.3,0.4,0.5,0.6
Oilers,2007,0,0.1,0.2,0.3,0.4,0.5,0.6
Oilers,2008,0,0.1,0.2,0.3,0.4,0.5,0.6
Oilers,2009,0,0.1,0.2,0.3,0.4,0.5,0.6
Oilers,2010,0,0.1,0.2,0.3,0.4,0.5,0.6
Oilers,2011,0,0.1,0.2,0.3,0.4,0.5,0.6
Oilers,2012,0,0.1,0.2,0.3,0.4,0.5,0.6
Oilers,2013,0,0.1,0.2,0.3,0.4,0.5,0.6
Oilers,2014,0,0.1,0.2,0.3,0.4,0.5,0.6
Oilers,2015,0,0.1,0.2,0.3,0.4,0.5,0.6
Oilers,2016,0,0.1,0.2,0.3,0.4,0.5,0.6
Oilers,2017,0,0.1,0.2,0.3,0.4,0.5,0.6
Packers,1989,10,12.1,9.2,10.3,5.4,11.5,10.6
Packers,1990,6,10.1,7.2,9.3,4.4,9.5,13.6
Packers,1991,4,9.1,8.2,10.3,8.4,8.5,10.6
Packers,1992,9,9.1,8.2,10.3,6.4,10.5,10.6
Packers,1993,9,9.1,8.2,14.3,8.4,9.5,8.6
Packers,1994,9,11.1,8.2,9.3,9.4,9.5,6.6
Packers,1995,11,13.1,8.2,8.3,8.4,5.5,6.6
Packers,1996,13,11.1,10.2,14.3,9.4,11.5,7.6
Packers,1997,13,11.1,10.2,12.3,6.4,9.5,9.6
Packers,1998,11,12.1,8.2,12.3,8.4,7.5,10.6
Packers,1999,8,12.1,8.2,9.3,6.4,12.5,10.6
Packers,2000,9,11.1,9.2,9.3,7.4,8.5,10.6
Packers,2001,11,10.1,9.2,13.3,7.4,10.5,8.6
Packers,2002,12,11.1,11.2,12.3,5.4,13.5,8.6
Packers,2003,10,10.1,14.2,9.3,7.4,9.5,9.6
Packers,2004,10,13.1,10.2,8.3,6.4,4.5,8.6
Packers,2005,4,11.1,7.2,14.3,5.4,6.5,13.6
Packers,2006,8,11.1,9.2,10.3,6.4,9.5,10.6
Packers,2007,13,13.1,9.2,10.3,7.4,8.5,7.6
Packers,2008,6,11.1,10.2,10.3,4.4,8.5,6.6
Packers,2009,11,12.1,10.2,11.3,9.4,11.5,5.6
Packers,2010,10,12.1,9.2,11.3,6.4,9.5,6.6
Packers,2011,15,14.1,8.2,0.3,6.4,11.5,4.6
Packers,2012,11,12.1,9.2,9.3,5.4,7.5,5.6
Packers,2013,8,13.1,12.2,6.3,5.4,6.5,7.6
Packers,2014,12,13.1,10.2,8.3,5.4,8.5,4.6
Packers,2015,10,10.1,10.2,8.3,5.4,6.5,5.6
Packers,2016,10,12.1,9.2,3.3,8.4,7.5,5.6
Packers,2017,7,9.1,9.2,7.3,6.4,6.5,7.6
Panthers,1989,0,0.1,0.2,0.3,0.4,0.5,0.6
Panthers,1990,0,0.1,0.2,0.3,0.4,0.5,0.6
Panthers,1991,0,0.1,0.2,0.3,0.4,0.5,0.6
Panthers,1992,0,0.1,0.2,0.3,0.4,0.5,0.6
Panthers,1993,0,0.1,0.2,0.3,0.4,0.5,0.6
Panthers,1994,0,0.1,0.2,0.3,0.4,0.5,0.6
Panthers,1995,7,9.1,9.2,9.3,7.4,11.5,12.6
Panthers,1996,12,9.1,9.2,11.3,8.4,10.5,7.6
Panthers,1997,7,8.1,10.2,12.3,5.4,6.5,11.6
Panthers,1998,4,10.1,8.2,7.3,4.4,9.5,10.6
Panthers,1999,8,12.1,8.2,8.3,5.4,8.5,10.6
Panthers,2000,7,10.1,6.2,7.3,5.4,11.5,10.6
Panthers,2001,1,8.1,6.2,9.3,4.4,9.5,8.6
Panthers,2002,7,8.1,9.2,12.3,7.4,9.5,12.6
Panthers,2003,11,9.1,11.2,12.3,7.4,7.5,9.6
Panthers,2004,7,11.1,9.2,9.3,5.4,11.5,8.6
Panthers,2005,11,10.1,9.2,12.3,8.4,12.5,8.6
Panthers,2006,8,10.1,9.2,12.3,6.4,6.5,8.6
Panthers,2007,7,8.1,10.2,9.3,6.4,9.5,8.6
Panthers,2008,12,9.1,13.2,9.3,5.4,7.5,6.6
Panthers,2009,8,8.1,14.2,12.3,5.4,11.5,9.6
Panthers,2010,2,7.1,10.2,9.3,5.4,8.5,11.6
Panthers,2011,6,11.1,13.2,6.3,4.4,7.5,7.6
Panthers,2012,7,11.1,11.2,8.3,6.4,7.5,6.6
Panthers,2013,12,9.1,11.2,9.3,9.4,9.5,6.6
Panthers,2014,8,10.1,11.2,8.3,6.4,7.5,7.6
Panthers,2015,15,11.1,12.2,7.3,8.4,11.5,6.6
Panthers,2016,6,11.1,10.2,3.3,8.4,8.5,8.6
Panthers,2017,11,9.1,11.2,8.3,9.4,6.5,6.6
Patriots,1989,5,11.1,10.2,8.3,5.4,8.5,11.6
Patriots,1990,1,8.1,8.2,12.3,1.4,9.5,11.6
Patriots,1991,6,9.1,8.2,6.3,7.4,9.5,12.6
Patriots,1992,2,6.1,8.2,11.3,5.4,8.5,13.6
Patriots,1993,4,9.1,9.2,14.3,6.4,6.5,9.6
Patriots,1994,10,13.1,7.2,9.3,6.4,11.5,11.6
Patriots,1995,6,11.1,10.2,6.3,6.4,8.5,10.6
Patriots,1996,11,11.1,8.2,7.3,8.4,10.5,8.6
Patriots,1997,10,10.1,8.2,9.3,7.4,9.5,6.6
Patriots,1998,9,11.1,8.2,8.3,8.4,9.5,7.6
Patriots,1999,8,11.1,8.2,12.3,6.4,9.5,10.6
Patriots,2000,5,9.1,8.2,9.3,6.4,7.5,7.6
Patriots,2001,10,9.1,9.2,10.3,7.4,8.5,7.6
Patriots,2002,9,11.1,8.2,11.3,4.4,8.5,7.6
Patriots,2003,14,10.1,9.2,10.3,8.4,12.5,7.6
Patriots,2004,14,11.1,12.2,9.3,7.4,10.5,8.6
Patriots,2005,10,12.1,8.2,7.3,7.4,5.5,7.6
Patriots,2006,12,10.1,11.2,11.3,8.4,10.5,8.6
Patriots,2007,16,14.1,10.2,12.3,7.4,9.5,4.6
Patriots,2008,11,10.1,12.2,11.3,7.4,6.5,6.6
Patriots,2009,10,13.1,10.2,10.3,6.4,8.5,6.6
Patriots,2010,14,11.1,11.2,4.3,6.4,11.5,3.6
Patriots,2011,13,15.1,10.2,1.3,6.4,10.5,5.6
Patriots,2012,12,14.1,12.2,3.3,7.4,12.5,5.6
Patriots,2013,12,12.1,11.2,6.3,4.4,8.5,6.6
Patriots,2014,12,12.1,9.2,6.3,7.4,7.5,4.6
Patriots,2015,12,13.1,8.2,6.3,7.4,6.5,4.6
Patriots,2016,14,13.1,10.2,7.3,8.4,7.5,3.6
Patriots,2017,13,13.1,10.2,5.3,6.4,5.5,3.6
Raiders,1989,8,9.1,11.2,11.3,5.4,10.5,10.6
Raiders,1990,12,8.1,11.2,14.3,7.4,6.5,7.6
Raiders,1991,9,8.1,9.2,10.3,5.4,9.5,9.6
Raiders,1992,7,8.1,10.2,13.3,7.4,5.5,11.6
Raiders,1993,9,10.1,7.2,15.3,6.4,7.5,7.6
Raiders,1994,9,10.1,8.2,9.3,8.4,7.5,9.6
Raiders,1995,8,10.1,11.2,10.3,6.4,10.5,10.6
Raiders,1996,7,9.1,12.2,12.3,7.4,7.5,9.6
Raiders,1997,4,10.1,9.2,6.3,3.4,6.5,7.6
Raiders,1998,8,9.1,9.2,13.3,7.4,10.5,13.6
Raiders,1999,8,11.1,11.2,10.3,8.4,9.5,8.6
Raiders,2000,12,10.1,13.2,7.3,8.4,11.5,6.6
Raiders,2001,10,10.1,8.2,13.3,5.4,6.5,7.6
Raiders,2002,11,13.1,10.2,8.3,8.4,9.5,6.6
Raiders,2003,4,8.1,10.2,9.3,2.4,7.5,8.6
Raiders,2004,5,11.1,7.2,6.3,5.4,5.5,10.6
Raiders,2005,4,11.1,7.2,10.3,4.4,5.5,7.6
Raiders,2006,2,7.1,8.2,16.3,4.4,7.5,13.6
Raiders,2007,4,8.1,11.2,11.3,3.4,7.5,11.6
Raiders,2008,5,7.1,11.2,11.3,1.4,7.5,7.6
Raiders,2009,5,8.1,9.2,10.3,2.4,6.5,10.6
Raiders,2010,8,9.1,14.2,12.3,4.4,7.5,8.6
Raiders,2011,8,12.1,11.2,5.3,4.4,7.5,9.6
Raiders,2012,4,12.1,8.2,7.3,5.4,5.5,8.6
Raiders,2013,4,10.1,11.2,5.3,7.4,6.5,9.6
Raiders,2014,3,10.1,7.2,7.3,5.4,4.5,8.6
Raiders,2015,7,11.1,8.2,4.3,7.4,7.5,7.6
Raiders,2016,12,12.1,10.2,5.3,6.4,9.5,4.6
Raiders,2017,6,11.1,8.2,6.3,6.4,4.5,8.6
Rams,1989,11,12.1,10.2,5.3,8.4,10.5,8.6
Rams,1990,5,11.1,9.2,7.3,7.4,9.5,9.6
Rams,1991,3,10.1,7.2,8.3,7.4,5.5,12.6
Rams,1992,6,9.1,9.2,10.3,3.4,9.5,11.6
Rams,1993,4,8.1,10.2,9.3,6.4,5.5,9.6
Rams,1994,4,10.1,8.2,9.3,6.4,6.5,9.6
Rams,1995,7,11.1,8.2,9.3,7.4,10.5,11.6
Rams,1996,6,8.1,9.2,8.3,6.4,11.5,13.6
Rams,1997,5,9.1,9.2,9.3,7.4,11.5,9.6
Rams,1998,4,9.1,8.2,13.3,4.4,7.5,10.6
Rams,1999,13,13.1,11.2,9.3,10.4,10.5,9.6
Rams,2000,10,15.1,10.2,7.3,7.4,7.5,10.6
Rams,2001,13,13.1,10.2,12.3,9.4,9.5,12.6
Rams,2002,7,12.1,8.2,11.3,6.4,7.5,13.6
Rams,2003,12,12.1,8.2,12.3,5.4,13.5,11.6
Rams,2004,8,12.1,9.2,11.3,4.4,4.5,11.6
Rams,2005,6,12.1,8.2,9.3,4.4,8.5,11.6
Rams,2006,8,12.1,10.2,12.3,3.4,9.5,5.6
Rams,2007,3,10.1,8.2,8.3,6.4,8.5,11.6
Rams,2008,2,9.1,9.2,9.3,2.4,7.5,9.6
Rams,2009,1,8.1,10.2,7.3,4.4,6.5,10.6
Rams,2010,7,10.1,9.2,8.3,6.4,7.5,6.6
Rams,2011,2,8.1,9.2,10.3,2.4,5.5,7.6
Rams,2012,8,10.1,9.2,8.3,6.4,6.5,6.6
Rams,2013,7,9.1,10.2,6.3,7.4,8.5,6.6
Rams,2014,6,10.1,9.2,6.3,6.4,7.5,8.6
Rams,2015,7,8.1,11.2,5.3,6.4,7.5,6.6
Rams,2016,4,9.1,7.2,7.3,7.4,5.5,8.6
Rams,2017,11,11.1,11.2,9.3,5.4,8.5,6.6
Ravens,1989,0,0.1,0.2,0.3,0.4,0.5,0.6
Ravens,1990,0,0.1,0.2,0.3,0.4,0.5,0.6
Ravens,1991,0,0.1,0.2,0.3,0.4,0.5,0.6
Ravens,1992,0,0.1,0.2,0.3,0.4,0.5,0.6
Ravens,1993,0,0.1,0.2,0.3,0.4,0.5,0.6
Ravens,1994,0,0.1,0.2,0.3,0.4,0.5,0.6
Ravens,1995,0,0.1,0.2,0.3,0.4,0.5,0.6
Ravens,1996,4,12.1,9.2,6.3,5.4,6.5,10.6
Ravens,1997,6,11.1,9.2,7.3,7.4,8.5,9.6
Ravens,1998,6,8.1,9.2,8.3,7.4,6.5,9.6
Ravens,1999,8,9.1,10.2,12.3,10.4,9.5,9.6
Ravens,2000,12,8.1,12.2,12.3,11.4,14.5,8.6
Ravens,2001,9,9.1,9.2,12.3,9.4,7.5,10.6
Ravens,2002,7,8.1,10.2,8.3,6.4,9.5,9.6
Ravens,2003,10,7.1,15.2,13.3,8.4,12.5,11.6
Ravens,2004,9,7.1,11.2,11.3,7.4,10.5,7.6
Ravens,2005,6,9.1,9.2,12.3,7.4,7.5,10.6
Ravens,2006,13,10.1,9.2,12.3,10.4,11.5,7.6
Ravens,2007,5,9.1,10.2,8.3,9.4,7.5,12.6
Ravens,2008,11,8.1,13.2,13.3,9.4,10.5,6.6
Ravens,2009,9,10.1,12.2,10.3,8.4,9.5,6.6
Ravens,2010,12,10.1,10.2,8.3,8.4,8.5,6.6
Ravens,2011,12,10.1,11.2,11.3,8.4,7.5,7.6
Ravens,2012,10,11.1,10.2,8.3,5.4,7.5,5.6
Ravens,2013,8,11.1,7.2,7.3,7.4,7.5,8.6
Ravens,2014,10,11.1,11.2,5.3,9.4,6.5,6.6
Ravens,2015,5,13.1,8.2,7.3,7.4,4.5,8.6
Ravens,2016,8,12.1,8.2,7.3,8.4,8.5,7.6
Ravens,2017,9,9.1,10.2,9.3,6.4,10.5,5.6
Redskins,1989,10,13.1,10.2,8.3,9.4,12.5,11.6
Redskins,1990,10,10.1,11.2,11.3,7.4,10.5,8.6
Redskins,1991,14,11.1,11.2,12.3,9.4,12.5,7.6
Redskins,1992,9,9.1,9.2,14.3,7.4,10.5,7.6
Redskins,1993,4,7.1,9.2,11.3,4.4,9.5,9.6
Redskins,1994,3,10.1,8.2,8.3,5.4,7.5,12.6
Redskins,1995,6,9.1,11.2,10.3,4.4,10.5,9.6
Redskins,1996,9,10.1,10.2,9.3,3.4,9.5,5.6
Redskins,1997,8,10.1,9.2,13.3,3.4,9.5,8.6
Redskins,1998,6,10.1,9.2,13.3,2.4,6.5,8.6
Redskins,1999,10,12.1,11.2,7.3,5.4,11.5,8.6
Redskins,2000,8,11.1,10.2,15.3,6.4,9.5,9.6
Redskins,2001,7,7.1,10.2,13.3,6.4,9.5,8.6
Redskins,2002,7,10.1,10.2,12.3,6.4,7.5,12.6
Redskins,2003,5,9.1,9.2,11.3,3.4,9.5,8.6
Redskins,2004,6,8.1,10.2,12.3,9.4,7.5,8.6
Redskins,2005,10,9.1,12.2,11.3,7.4,8.5,8.6
Redskins,2006,5,9.1,12.2,9.3,4.4,3.5,5.6
Redskins,2007,9,10.1,10.2,9.3,8.4,7.5,8.6
Redskins,2008,8,9.1,11.2,11.3,8.4,5.5,5.6
Redskins,2009,4,10.1,8.2,10.3,6.4,5.5,8.6
Redskins,2010,6,12.1,8.2,4.3,5.4,8.5,9.6
Redskins,2011,5,11.1,9.2,8.3,6.4,6.5,10.6
Redskins,2012,10,10.1,15.2,2.3,8.4,9.5,4.6
Redskins,2013,3,11.1,12.2,6.3,6.4,7.5,10.6
Redskins,2014,4,12.1,9.2,6.3,7.4,5.5,9.6
Redskins,2015,9,12.1,9.2,4.3,5.4,8.5,6.6
Redskins,2016,9,14.1,9.2,4.3,5.4,6.5,6.6
Redskins,2017,7,11.1,8.2,9.3,4.4,7.5,8.6
Saints,1989,9,10.1,11.2,6.3,9.4,11.5,9.6
Saints,1990,8,8.1,10.2,10.3,8.4,8.5,12.6
Saints,1991,11,10.1,9.2,14.3,10.4,14.5,9.6
Saints,1992,12,9.1,9.2,15.3,7.4,11.5,8.6
Saints,1993,7,8.1,9.2,15.3,5.4,8.5,10.6
Saints,1994,7,11.1,7.2,7.3,6.4,9.5,9.6
Saints,1995,7,11.1,8.2,7.3,6.4,8.5,7.6
Saints,1996,3,9.1,7.2,13.3,4.4,6.5,11.6
Saints,1997,6,8.1,8.2,13.3,6.4,9.5,16.6
Saints,1998,6,9.1,7.2,6.3,6.4,9.5,10.6
Saints,1999,3,10.1,9.2,8.3,6.4,10.5,11.6
Saints,2000,10,10.1,11.2,12.3,7.4,10.5,8.6
Saints,2001,7,10.1,9.2,11.3,7.4,8.5,8.6
Saints,2002,9,10.1,10.2,7.3,5.4,11.5,9.6
Saints,2003,8,10.1,11.2,12.3,3.4,8.5,8.6
Saints,2004,8,11.1,9.2,6.3,3.4,9.5,8.6
Saints,2005,3,10.1,9.2,13.3,4.4,5.5,13.6
Saints,2006,10,13.1,10.2,13.3,4.4,5.5,7.6
Saints,2007,7,13.1,8.2,6.3,7.4,7.5,9.6
Saints,2008,8,15.1,9.2,8.3,6.4,6.5,8.6
Saints,2009,13,13.1,11.2,7.3,5.4,11.5,8.6
Saints,2010,11,13.1,8.2,11.3,6.4,7.5,9.6
Saints,2011,13,16.1,12.2,4.3,6.4,5.5,6.6
Saints,2012,7,15.1,9.2,1.3,3.4,7.5,7.6
Saints,2013,11,14.1,8.2,11.3,6.4,5.5,6.6
Saints,2014,7,14.1,10.2,5.3,4.4,5.5,9.6
Saints,2015,7,15.1,8.2,2.3,4.4,6.5,6.6
Saints,2016,7,15.1,9.2,3.3,7.4,6.5,7.6
Saints,2017,11,12.1,11.2,8.3,6.4,7.5,5.6
Seahawks,1989,7,9.1,8.2,11.3,4.4,7.5,11.6
Seahawks,1990,9,8.1,10.2,12.3,7.4,9.5,11.6
Seahawks,1991,7,9.1,8.2,12.3,7.4,11.5,13.6
Seahawks,1992,2,5.1,9.2,14.3,5.4,9.5,12.6
Seahawks,1993,6,7.1,10.2,9.3,8.4,10.5,8.6
Seahawks,1994,6,7.1,11.2,9.3,5.4,9.5,8.6
Seahawks,1995,8,9.1,12.2,8.3,4.4,7.5,10.6
Seahawks,1996,7,9.1,11.2,10.3,4.4,9.5,8.6
Seahawks,1997,8,12.1,10.2,11.3,6.4,8.5,9.6
Seahawks,1998,8,9.1,9.2,7.3,5.4,12.5,10.6
Seahawks,1999,9,10.1,8.2,9.3,5.4,10.5,10.6
Seahawks,2000,6,9.1,9.2,6.3,2.4,8.5,11.6
Seahawks,2001,8,8.1,10.2,10.3,7.4,7.5,6.6
Seahawks,2002,7,12.1,9.2,9.3,2.4,9.5,8.6
Seahawks,2003,10,11.1,11.2,9.3,6.4,8.5,8.6
Seahawks,2004,9,10.1,11.2,8.3,5.4,10.5,8.6
Seahawks,2005,13,10.1,13.2,8.3,8.4,8.5,5.6
Seahawks,2006,9,9.1,10.2,10.3,5.4,7.5,10.6
Seahawks,2007,10,12.1,9.2,9.3,7.4,10.5,7.6
Seahawks,2008,4,8.1,10.2,4.3,5.4,6.5,8.6
Seahawks,2009,5,10.1,9.2,6.3,6.4,7.5,9.6
Seahawks,2010,7,10.1,8.2,5.3,5.4,6.5,9.6
Seahawks,2011,7,9.1,10.2,9.3,6.4,9.5,7.6
Seahawks,2012,11,9.1,14.2,10.3,7.4,9.5,5.6
Seahawks,2013,13,10.1,12.2,14.3,7.4,11.5,6.6
Seahawks,2014,12,10.1,15.2,12.3,9.4,7.5,4.6
Seahawks,2015,10,11.1,12.2,10.3,9.4,7.5,5.6
Seahawks,2016,11,12.1,9.2,8.3,8.4,5.5,5.6
Seahawks,2017,9,11.1,9.2,10.3,6.4,7.5,5.6
Steelers,1989,9,6.1,10.2,8.3,5.4,12.5,9.6
Steelers,1990,9,8.1,10.2,15.3,7.4,12.5,9.6
Steelers,1991,7,9.1,9.2,8.3,7.4,9.5,9.6
Steelers,1992,11,8.1,12.2,13.3,6.4,12.5,9.6
Steelers,1993,8,9.1,10.2,12.3,9.4,10.5,8.6
Steelers,1994,12,9.1,12.2,13.3,8.4,8.5,5.6
Steelers,1995,11,11.1,10.2,10.3,9.4,10.5,10.6
Steelers,1996,10,8.1,13.2,12.3,8.4,11.5,10.6
Steelers,1997,11,9.1,13.2,9.3,9.4,9.5,10.6
Steelers,1998,7,8.1,11.2,10.3,7.4,8.5,9.6
Steelers,1999,6,8.1,11.2,12.3,5.4,8.5,7.6
Steelers,2000,9,7.1,12.2,12.3,7.4,10.5,6.6
Steelers,2001,12,9.1,14.2,13.3,10.4,7.5,5.6
Steelers,2002,10,11.1,12.2,9.3,9.4,10.5,10.6
Steelers,2003,6,10.1,8.2,12.3,6.4,7.5,8.6
Steelers,2004,15,8.1,13.2,13.3,9.4,9.5,6.6
Steelers,2005,11,9.1,12.2,11.3,9.4,9.5,7.6
Steelers,2006,8,11.1,11.2,9.3,8.4,8.5,11.6
Steelers,2007,10,9.1,12.2,13.3,8.4,7.5,6.6
Steelers,2008,12,10.1,9.2,15.3,9.4,8.5,7.6
Steelers,2009,9,12.1,10.2,9.3,8.4,6.5,8.6
Steelers,2010,12,11.1,10.2,9.3,11.4,10.5,5.6
Steelers,2011,12,12.1,10.2,14.3,7.4,4.5,8.6
Steelers,2012,8,11.1,8.2,12.3,8.4,6.5,9.6
Steelers,2013,8,12.1,8.2,8.3,6.4,6.5,7.6
Steelers,2014,11,14.1,10.2,5.3,7.4,6.5,6.6
Steelers,2015,10,14.1,9.2,3.3,8.4,9.5,8.6
Steelers,2016,11,12.1,10.2,6.3,7.4,7.5,5.6
Steelers,2017,13,13.1,9.2,11.3,7.4,6.5,6.6
Texans,1989,0,0.1,0.2,0.3,0.4,0.5,0.6
Texans,1990,0,0.1,0.2,0.3,0.4,0.5,0.6
Texans,1991,0,0.1,0.2,0.3,0.4,0.5,0.6
Texans,1992,0,0.1,0.2,0.3,0.4,0.5,0.6
Texans,1993,0,0.1,0.2,0.3,0.4,0.5,0.6
Texans,1994,0,0.1,0.2,0.3,0.4,0.5,0.6
Texans,1995,0,0.1,0.2,0.3,0.4,0.5,0.6
Texans,1996,0,0.1,0.2,0.3,0.4,0.5,0.6
Texans,1997,0,0.1,0.2,0.3,0.4,0.5,0.6
Texans,1998,0,0.1,0.2,0.3,0.4,0.5,0.6
Texans,1999,0,0.1,0.2,0.3,0.4,0.5,0.6
Texans,2000,0,0.1,0.2,0.3,0.4,0.5,0.6
Texans,2001,0,0.1,0.2,0.3,0.4,0.5,0.6
Texans,2002,4,7.1,7.2,11.3,4.4,6.5,8.6
Texans,2003,5,8.1,9.2,7.3,2.4,6.5,8.6
Texans,2004,7,10.1,10.2,8.3,6.4,9.5,7.6
Texans,2005,2,7.1,10.2,9.3,3.4,5.5,7.6
Texans,2006,6,8.1,9.2,9.3,5.4,6.5,7.6
Texans,2007,8,11.1,9.2,7.3,6.4,7.5,11.6
Texans,2008,8,13.1,10.2,9.3,5.4,6.5,9.6
Texans,2009,9,14.1,8.2,9.3,7.4,8.5,8.6
Texans,2010,6,12.1,11.2,3.3,6.4,5.5,5.6
Texans,2011,10,10.1,13.2,12.3,8.4,8.5,6.6
Texans,2012,12,11.1,12.2,8.3,8.4,8.5,5.6
Texans,2013,2,11.1,9.2,11.3,5.4,3.5,9.6
Texans,2014,9,10.1,12.2,6.3,7.4,10.5,6.6
Texans,2015,9,11.1,9.2,10.3,7.4,7.5,6.6
Texans,2016,9,9.1,10.2,10.3,7.4,5.5,7.6
Texans,2017,4,10.1,10.2,7.3,6.4,5.5,8.6
Titans,1989,0,0.1,0.2,0.3,0.4,0.5,0.6
Titans,1990,0,0.1,0.2,0.3,0.4,0.5,0.6
Titans,1991,0,0.1,0.2,0.3,0.4,0.5,0.6
Titans,1992,0,0.1,0.2,0.3,0.4,0.5,0.6
Titans,1993,0,0.1,0.2,0.3,0.4,0.5,0.6
Titans,1994,0,0.1,0.2,0.3,0.4,0.5,0.6
Titans,1995,0,0.1,0.2,0.3,0.4,0.5,0.6
Titans,1996,0,0.1,0.2,0.3,0.4,0.5,0.6
Titans,1997,8,7.1,13.2,8.3,7.4,9.5,8.6
Titans,1998,8,10.1,11.2,8.3,7.4,5.5,6.6
Titans,1999,13,10.1,10.2,7.3,8.4,11.5,6.6
Titans,2000,13,10.1,11.2,16.3,9.4,9.5,9.6
Titans,2001,7,10.1,9.2,7.3,9.4,6.5,8.6
Titans,2002,11,10.1,11.2,8.3,8.4,8.5,7.6
Titans,2003,12,11.1,9.2,8.3,9.4,10.5,6.6
Titans,2004,5,11.1,10.2,7.3,5.4,9.5,9.6
Titans,2005,4,11.1,8.2,11.3,5.4,6.5,8.6
Titans,2006,8,8.1,12.2,8.3,3.4,8.5,8.6
Titans,2007,10,8.1,11.2,11.3,8.4,10.5,10.6
Titans,2008,13,8.1,12.2,11.3,8.4,9.5,5.6
Titans,2009,8,9.1,14.2,4.3,7.4,8.5,9.6
Titans,2010,6,9.1,9.2,5.3,6.4,7.5,8.6
Titans,2011,9,12.1,8.2,8.3,4.4,7.5,6.6
Titans,2012,6,10.1,9.2,6.3,5.4,7.5,8.6
Titans,2013,7,10.1,10.2,8.3,6.4,7.5,7.6
Titans,2014,2,10.1,8.2,7.3,4.4,5.5,8.6
Titans,2015,3,10.1,8.2,7.3,6.4,5.5,10.6
Titans,2016,9,10.1,12.2,3.3,8.4,5.5,5.6
Titans,2017,9,9.1,10.2,6.3,8.4,6.5,7.6
Vikings,1989,10,9.1,11.2,16.3,7.4,10.5,10.6
Vikings,1990,6,9.1,10.2,14.3,4.4,9.5,11.6
Vikings,1991,8,8.1,12.2,11.3,6.4,8.5,8.6
Vikings,1992,11,8.1,11.2,13.3,6.4,12.5,9.6
Vikings,1993,8,9.1,9.2,14.3,8.4,9.5,7.6
Vikings,1994,10,13.1,8.2,8.3,10.4,9.5,10.6
Vikings,1995,8,12.1,9.2,5.3,9.4,11.5,8.6
Vikings,1996,9,11.1,8.2,11.3,5.4,10.5,9.6
Vikings,1997,9,10.1,11.2,7.3,5.4,8.5,6.6
Vikings,1998,15,13.1,11.2,9.3,7.4,10.5,6.6
Vikings,1999,10,12.1,10.2,5.3,7.4,8.5,12.6
Vikings,2000,11,11.1,12.2,6.3,6.4,5.5,8.6
Vikings,2001,5,10.1,8.2,10.3,4.4,5.5,10.6
Vikings,2002,6,11.1,14.2,5.3,7.4,7.5,12.6
Vikings,2003,9,12.1,13.2,9.3,6.4,10.5,7.6
Vikings,2004,8,13.1,10.2,6.3,5.4,6.5,6.6
Vikings,2005,9,9.1,8.2,10.3,6.4,10.5,9.6
Vikings,2006,6,9.1,10.2,7.3,11.4,10.5,9.6
Vikings,2007,8,8.1,14.2,4.3,10.4,9.5,9.6
Vikings,2008,10,9.1,13.2,9.3,10.4,7.5,9.6
Vikings,2009,12,12.1,10.2,9.3,9.4,7.5,5.6
Vikings,2010,6,9.1,11.2,10.3,7.4,7.5,11.6
Vikings,2011,3,9.1,13.2,5.3,7.4,7.5,8.6
Vikings,2012,10,8.1,14.2,6.3,7.4,6.5,7.6
Vikings,2013,6,10.1,11.2,1.3,6.4,6.5,9.6
Vikings,2014,7,10.1,10.2,8.3,5.4,5.5,6.6
Vikings,2015,11,9.1,12.2,7.3,6.4,6.5,5.6
Vikings,2016,8,11.1,7.2,10.3,7.4,8.5,5.6
Vikings,2017,13,11.1,11.2,11.3,9.4,5.5,4.6
